id,name,Last Name,age,contact,birthday,Address,Birthplace,gender,email
1,Naruto,Uzumaki,17,0917-100-0001,2008-10-10,"Hokage Residence, Konohagakure",Konohagakure,Male,naruto.uzumaki@example.com
2,Sasuke,Uchiha,17,0917-100-0002,2009-07-23,"Uchiha District, Konohagakure",Konohagakure,Male,sasuke.uchiha@example.com
3,Sakura,Haruno,17,0917-100-0003,2009-03-28,"Haruno House, Konohagakure",Konohagakure,Female,sakura.haruno@example.com
4,Kakashi,Hatake,30,0917-100-0004,1996-09-15,"Training Ground 7, Konohagakure",Konohagakure,Male,kakashi.hatake@example.com
5,Luffy,Monkey D.,19,0917-100-0005,2007-05-05,"Thousand Sunny, Grand Line",Foosha Village,Male,luffy.monkeyd@example.com
6,Zoro,Roronoa,21,0917-100-0006,2004-11-11,"Thousand Sunny, Grand Line",Shimotsuki Village,Male,zoro.roronoa@example.com
7,Nami,Nami,20,0917-100-0007,2006-07-03,"Thousand Sunny, Grand Line",Cocoyasi Village,Female,nami.navigator@example.com
8,Edward,Elric,16,0917-100-0008,2010-02-10,"Rockbell Residence, Resembool",Resembool,Male,edward.elric@example.com
9,Alphonse,Elric,15,0917-100-0009,2011-03-15,"Rockbell Residence, Resembool",Resembool,Male,alphonse.elric@example.com
10,Light,Yagami,18,0917-100-0010,2008-02-28,"Yagami House, Kanto Region",Kanto Region,Male,light.yagami@example.com
11,Lelouch,Lamperouge,17,0917-100-0011,2008-12-05,"Ashford Academy, Area 11",Pendragon,Male,lelouch.lamperouge@example.com
12,Goku,Son,35,0917-100-0012,1991-04-16,"Mount Paozu",Planet Vegeta,Male,goku.son@example.com
13,Vegeta,Vegeta,38,0917-100-0013,1988-08-14,"Capsule Corp, West City",Planet Vegeta,Male,vegeta.prince@example.com
14,Tanjiro,Kamado,16,0917-100-0014,2010-07-14,"Mount Kumotori",Mount Kumotori,Male,tanjiro.kamado@example.com
15,Nezuko,Kamado,15,0917-100-0015,2010-12-28,"Mount Kumotori",Mount Kumotori,Female,nezuko.kamado@example.com
16,Eren,Yeager,20,0917-100-0016,2006-03-30,"Shiganshina District, Wall Maria",Shiganshina District,Male,eren.yeager@example.com
17,Mikasa,Ackerman,20,0917-100-0017,2006-02-10,"Shiganshina District, Wall Maria",Shiganshina District,Female,mikasa.ackerman@example.com
18,Izuku,Midoriya,16,0917-100-0018,2010-07-15,"Heights Alliance, Musutafu",Musutafu,Male,izuku.midoriya@example.com
19,Satoru,Gojo,29,0917-100-0019,1996-12-07,"Tokyo Jujutsu High, Tokyo",Tokyo,Male,satoru.gojo@example.com
20,Spike,Spiegel,28,0917-100-0020,1998-06-26,"Bebop Spaceship, Solar System",Mars,Male,spike.spiegel@example.com
